"","Classes","Values","Chironomidae","Simuliidae","Limoniidae","Baetisrhodani","Baetisalpinus","Empididae","Ceratopogonidae","Elmidae","Nemouramortoni","Baetismuticus","Drususdiscolor","Protonemuralateralis","Athericidae","Gammaridae","Rhyacophilatristis","Planariidae","Leuctrabraueri","Nemouraminima","Hydraenidae","Ecdyonurushelveticus","Sericostoma","Habroleptoidesconfusa","Scirtidae","Brachypterarisi","Sphaeriidae","Blephariceridae","Odontocerumalbicorne","Leuctranigra","Tipulidae","Cryptothrixnebulicola","Drususannulatus","Dixidae","Rhithrogenaloyolaea","Drususbiguttatus","Metanoeaflavipennis","Ecdyonurusvenosus","Habrophlebialauta","Stratiomyidae","Potamophylaxcingulatus","Protonemurabrevistyla","Leuctramajor","Protonemuraintricata","Philopotamusludificatus","Metanoearhaetica","Rhithrogenaputhzi","Centroptilumluteolum","Epeorusalpicola","Hydropsychesiltalai","Epeorusassimilis","Rhyacophilaintermedia","Baetislutheri","Rhithrogenapicteti","Rhithrogenaalpestris","Ephemeradanica","Dugesiidae","Protonemuranimborum","Paraleptophlebiasubmarginata","Ecdyonuruspicteti","Dytiscidae","Lymnaeidae","Habroleptoidesauberti","Isoperlagrammatica","Rhyacophilahirticornis","Isoperlarivulorum","Capnioneuranemuroides","Chloroperlasusemicheli","Melampophylaxmucoreus","Rhyacophilapubescens","Ecclisopteryxmadida","Erpobdellidae","Leuctrahippopus","Thaumaleidae","Nemouraflexuosa","Cordulegastridae","Allogamusauricollis","Drususmelanchaetes","Electrogenaujhelyii","Ecdyonurusalpinus","Siphonoperlatorrentium","Sialidae","Hydropsychetenuis","Perlagrandis","Chaetopteryxvillosa","Serratellaignita","Rhithrogenahybrida","Hydroptila","Rhithrogenadegrangei","Siphonoperlamontana","Glossiphoniidae","Leuctraschmidi","Hydrophilidae","Nemouramarginata","Ecdyonurustorrentis","Rhithrogenanivata","Amphinemurasulcicollis","Dictyogenusalpinus","Hydropsycheinstabilis","Drususmuelleri","Rhyacophilaglareosa","Ephemerellamucronata","Ptychopteridae","Rhithrogenasemicolorata","Silopallipes","Perlamarginata","Tabanidae","Calopterygidae","Leuctrainermis","Rhithrogenadorieri","Rhithrogenagratianopolitana","Nemurellapictetii","Rhyacophilapraemorsa","Drususnigrescens","Consorophylaxconsors","Melampophylaxmelampus","Rhyacophilatorrentium","Rhagionidae","Gyrinidae","Leuctrarosinae","Drususmonticola","Electrogenalateralis","Amphinemuratriangularis","Rhithrogenagrischuna","Brachypteraseticornis","Rhyacophilastigmatica","Rhyacophilarectispina","Chloroperlatripunctata","Caenismacrura","Baetisvernus","Tinodesunicolor","Torleyamajor","Drususalpinus","Ecclisopteryxguttulata","Protonemurapraecox","Silonigricornis","Haliplidae","Stenophylaxpermistus","Micropternasequax","Protonemuraauberti","Niphargidae","Veliidae","Micrasemamorosum","Isoperlacarbonaria","Dictyogenusfontium","Catagapetusnigrans","Psychomyiapusilla","Nemouracinerea","Anisogamusdifformis","Glyphotaeliuspellucidus","Platycnemididae","Dolichopodidae","Leuctrarauscheri","Leuctraarmata","Hydropsychedinarica","Lithaxniger","Piscicolidae","Dendrocoelidae","Hydropsycheincognita","Protonemurameyeri","Rhyacophilafasciata","Plectrocnemiaconspersa","Baetisvardarensis","Corixidae","Syrphidae","Drususmixtus","Limnephiluslunatus","Micropternatestacea","Philopotamusvariegatus","Baetismelanonyx","Baetisbuceratus","Osmylidae","Coenagrionidae","Gerridae","Caenisluctuosa","Scathophagidae","Nemouracambrica","Hydropsycheangustipennis","Psephenidae","Siphlonuruslacustris","Ptilocolepusgranulatus","Rhabdiopteryxneglecta","Isoperlalugens","Synagapetusdubitans","Bithyniidae","Astacidae","Potamopyrgusantipodarum","Rhithrogenalandai","Tinodeswaeneri","Rhyacophiladorsalis","Rhyacophilaaquitanica","Nemourasinuata","Cloeondipterum","Habrophlebiafusca","Gomphidae","Caenishoraria","Sciomyzidae","Drususchrysotus","Chaetopteryxmajor","Potamophylaxnigricornis","Micropternanycterobia","Pseudopsilopteryxzimmeri","Enoicylapusilla","Leuctrapseudosignifera","Rhithrogenaallobrogica","Rhithrogenasavoiensis","Rhithrogenabeskidensis","Protonemuranimborella","Besdolusimhoffi","Heptageniasulphurea","Silopiceus","Synagapetusiridipennis","Baetisniger","Baetisnexus","Valvatidae","Aphelocheiridae","Dryopidae","Ephydridae","Notidobiaciliaris","Goerapilosa","Baetisliebenauae","Habrophlebiaeldae","Caenisrivulorum","Beraeapullata","Cheumatopsychelepida","Micrasemasetiferum","Diplectronaatra","Chaoboridae","Potamanthusluteus","Rhithrogenacarpatoalpina","Rhyacophilasimulatrix","Rhyacophilalaevis","Nemouraavicularis","Glossosomaconformis","Wormaldiacopiosa","Protonemuranitida","Protonemurarisi","Ithytrichia","Baetisnubecularis","Holocentropus","Mesoveliidae","Curculionidae","Corbiculidae","Nepidae","Libellulidae","Aeshnidae","Beraeamyiasquamosa","Hydropsychepellucidula","Hydropsychesaxonica","Hydropsychecontubernalis","Rhithrogenapuytoraci","Wormaldiaoccipitalis","Rhabdiopteryxalpina","Chimarramarginata","Baetisfuscatus","Baetisscambus","Cyrnustrimaculatus","Psychomyiafragilis","Dreissenidae","Cambaridae","Beraeamaurus","Capniavidua","Chrysomelidae","Pleidae","Acroloxidae","Mysidae","Cylindrotomidae","Naucoridae"
"1","currenttolval_class1",0,0.5714,0,0.507,0.0444,0.0624,0,1,0.0517,0.5311,0.0516,0,0,0,0.346,0.0479,0.2917,0.5161,0.5319,0.9622,0.3333,0,0.5,0.7,0,1,0,0,0.49,1,0,0,0.5,0,0,0,0.3333,0,1,0.3083,0,0.5361,0,0,0,0,0.5,0,0,0,0.0557,0.0442,0,0,0.3333,1,0,0,0.3333,1,0.9,0.5,0,0.0565,0,0,0,1,0.0562,0,0.6111,0.5923,0,0.4819,1,0,0,0,0.3333,0,1,0,0,0.3083,0,0,0.3333,0,0,0.9524,0.5414,1,0.503,0.3333,0,0,1,0,0,0.0649,0,1,0,0,0,1,0.5,0.5143,0,0,0.3333,0.0596,0,0.3083,1,0,0.4167,1,0.5449,0,0,0,0,0,0,0.0551,0,1,0,0.3333,0,0,0,0,0,0.7778,0.3083,0.3083,0,1,0.75,0,0,0,0,0.3333,0.5,1,0.6667,0.6667,0.6667,0.5,0.498,0,0,0,0.8333,0,0,0,0.6667,0.0566,1,1,0,0.3083,0.3083,0,0,0,1,1,1,1,1,0.5,0,0,1,0,0,0,0,1,0.3333,0.6667,0,0.3333,0,0,0.5,0.2619,0,0.2083,1,1,0,0.3083,0.3083,0.3083,0.3083,0.3083,0.5,0,0,0,0,0,0,0,0,0,0,1,0,0.5,1,0.6667,0.3333,0,0,1,0.5,0,0,0,1,0.6667,0,0,0,0.5,0,0,0,0,0,0,1,1,1,1,1,1,0.8,1,0,0,0,0,0,0,0,0,0,1,0.3333,1,0.8333,0.5,0,0.7778,1,1,1,0.8333,1
"2","currenttolval_class2",0.02,0.5984,0.0381,0.5811,0.158,0.1511,0.0464,0.9642,0.231,0.5311,0.1511,0.0618,0.2191,0.1337,0.4895,0.0585,0.3904,0.6054,0.5322,0.9705,0.3951,0.2254,0.6096,0.6343,0,0.9753,0,0,0.6007,0.9382,0,0.0618,0.5365,0,0.0618,0,0.3951,0.238,0.9382,0.4069,0.2191,0.6325,0.2191,0,0,0,0.619,0,0.0533,0,0.0846,0.1373,0,0,0.4857,1,0.2191,0.0533,0.3951,0.8302,0.8515,0.6096,0.0533,0.0989,0.0533,0,0.2191,1,0.1039,0.0927,0.6111,0.6785,0.0927,0.4835,1,0.2254,0.0618,0.238,0.3951,0,1,0.0533,0,0.4077,0.2191,0,0.4857,0,0,0.9423,0.6387,0.7911,0.5419,0.3951,0,0.0927,1,0.0533,0.0618,0.1131,0.2191,1,0,0.0533,0,1,0.6096,0.6202,0,0,0.3951,0.1071,0.0618,0.4069,1,0.0533,0.4944,0.9109,0.6449,0.0618,0.238,0.0927,0,0,0.0533,0.1077,0.2191,1,0.1337,0.492,0,0.0618,0.0927,0.2191,0.0533,0.7395,0.4077,0.4077,0.2191,0.8663,0.742,0.0533,0.0533,0,0,0.4857,0.5,1,0.7585,0.7523,0.7523,0.6096,0.6082,0.0533,0,0.2191,0.8333,0.0533,0.2191,0.0533,0.7585,0.1923,0.9151,0.7809,0.0618,0.4069,0.4069,0,0.1337,0.1337,0.8904,0.9103,1,1,1,0.5,0.0533,0.0533,1,0.2254,0,0.0533,0.2254,0.9467,0.4284,0.7397,0,0.492,0.0533,0.0533,0.5,0.3311,0.238,0.3601,1,0.9467,0.0618,0.4069,0.4069,0.4069,0.4069,0.4069,0.6096,0,0,0,0.2191,0,0.1337,0.0533,0.2254,0.1337,0.1337,1,0.1337,0.5365,1,0.746,0.3951,0.1337,0.238,1,0.619,0.0533,0.0533,0.0533,0.8663,0.746,0,0.0533,0.0533,0.5,0.1337,0.2254,0.2191,0.2191,0.1337,0.1337,1,1,1,1,0.9073,0.8625,0.6859,1,0.0533,0.0533,0.0533,0,0.2254,0,0,0.1337,0.1337,1,0.492,1,0.7715,0.619,0,0.6921,0.8663,0.9467,1,0.8793,0.9467
"3","currenttolval_class3",0.04,0.6249,0.0768,0.6539,0.2687,0.2381,0.0915,0.9293,0.4093,0.5313,0.248,0.122,0.439,0.2645,0.6333,0.0746,0.4887,0.6941,0.5333,0.9788,0.4554,0.4472,0.7195,0.5683,0,0.9499,0,0,0.7117,0.878,0,0.122,0.5732,0,0.122,0,0.4554,0.4636,0.878,0.5033,0.439,0.7289,0.439,0,0,0,0.7318,0,0.1067,0,0.1161,0.2287,0,0,0.6342,1,0.439,0.1067,0.4554,0.6619,0.8041,0.7195,0.1067,0.1421,0.1067,0,0.439,1,0.1519,0.183,0.6111,0.7647,0.183,0.488,1,0.4472,0.122,0.4636,0.4554,0,1,0.1067,0,0.5043,0.439,0,0.6342,0,0,0.93,0.7362,0.5822,0.5799,0.4554,0,0.183,1,0.1067,0.122,0.1614,0.439,1,0,0.1067,0,1,0.7195,0.7264,0,0,0.4554,0.1549,0.122,0.5033,1,0.1067,0.5692,0.8237,0.7451,0.122,0.4636,0.183,0,0,0.1067,0.1601,0.439,1,0.2645,0.6424,0,0.122,0.183,0.439,0.1067,0.7019,0.5043,0.5043,0.439,0.7355,0.7316,0.1067,0.1067,0,0,0.6342,0.5,1,0.8376,0.8294,0.8294,0.7195,0.7186,0.1067,0,0.439,0.8333,0.1067,0.439,0.1067,0.8376,0.3255,0.8325,0.561,0.122,0.5033,0.5033,0,0.2645,0.2645,0.7805,0.823,1,1,1,0.5,0.1067,0.1067,1,0.4472,0,0.1067,0.4472,0.8933,0.523,0.813,0,0.6424,0.1067,0.1067,0.5,0.3995,0.4636,0.5111,1,0.8933,0.122,0.5033,0.5033,0.5033,0.5033,0.5033,0.7195,0,0,0,0.439,0,0.2645,0.1067,0.4472,0.2645,0.2645,1,0.2645,0.5732,1,0.8212,0.4554,0.2645,0.4636,1,0.7318,0.1067,0.1067,0.1067,0.7355,0.8212,0,0.1067,0.1067,0.5,0.2645,0.4472,0.439,0.439,0.2645,0.2645,1,1,1,1,0.817,0.7273,0.5724,1,0.1067,0.1067,0.1067,0,0.4472,0,0,0.2645,0.2645,1,0.6424,1,0.7113,0.7318,0,0.6087,0.7355,0.8933,1,0.9188,0.8933
"4","currenttolval_class4",0.06,0.649,0.1162,0.722,0.3731,0.3196,0.1346,0.8959,0.5752,0.5316,0.3399,0.1795,0.6431,0.3873,0.7668,0.0954,0.5802,0.7767,0.535,0.9865,0.5128,0.6503,0.8215,0.5071,0,0.9238,0,0,0.8147,0.8205,0,0.1795,0.6072,0,0.1795,0,0.5128,0.6647,0.8205,0.5911,0.6431,0.8185,0.6431,0,0,0,0.8324,0,0.16,0,0.1499,0.3143,0,0,0.7693,1,0.6431,0.16,0.5128,0.5053,0.7587,0.8215,0.16,0.1861,0.16,0,0.6431,1,0.2002,0.2692,0.6111,0.8448,0.2692,0.495,1,0.6503,0.1795,0.6647,0.5128,0,1,0.16,0,0.592,0.6431,0,0.7693,0,0,0.9156,0.8267,0.3881,0.6166,0.5128,0,0.2692,1,0.16,0.1795,0.2099,0.6431,1,0,0.16,0,1,0.8215,0.825,0,0,0.5128,0.203,0.1795,0.5911,1,0.16,0.6364,0.7418,0.8379,0.1795,0.6647,0.2692,0,0,0.16,0.2123,0.6431,1,0.3873,0.7765,0,0.1795,0.2692,0.6431,0.16,0.6653,0.592,0.592,0.6431,0.6127,0.719,0.16,0.16,0,0,0.7693,0.5,1,0.9027,0.8954,0.8954,0.8215,0.8211,0.16,0,0.6431,0.8333,0.16,0.6431,0.16,0.9027,0.4502,0.7539,0.3569,0.1795,0.5911,0.5911,0,0.3873,0.3873,0.6785,0.74,1,1,1,0.5,0.16,0.16,1,0.6503,0,0.16,0.6503,0.84,0.611,0.881,0,0.7765,0.16,0.16,0.5,0.4625,0.6647,0.6516,1,0.84,0.1795,0.5911,0.5911,0.5911,0.5911,0.5911,0.8215,0,0,0,0.6431,0,0.3873,0.16,0.6503,0.3873,0.3873,1,0.3873,0.6072,1,0.8882,0.5128,0.3873,0.6647,1,0.8324,0.16,0.16,0.16,0.6127,0.8882,0,0.16,0.16,0.5,0.3873,0.6503,0.6431,0.6431,0.3873,0.3873,1,1,1,1,0.7308,0.6009,0.4668,1,0.16,0.16,0.16,0,0.6503,0,0,0.3873,0.3873,1,0.7765,1,0.6538,0.8324,0,0.5298,0.6127,0.84,1,0.9513,0.84
"5","currenttolval_class5",0.09,0.6771,0.1768,0.8076,0.5098,0.4233,0.1935,0.85,0.7758,0.5322,0.4627,0.258,0.884,0.5447,0.9242,0.1335,0.69,0.8769,0.5385,0.9956,0.5914,0.8871,0.942,0.4348,0,0.8831,0,0,0.9366,0.742,0,0.258,0.6473,0,0.258,0,0.5914,0.8934,0.742,0.6932,0.884,0.925,0.884,0,0,0,0.9467,0,0.24,0,0.2051,0.423,0,0,0.9258,1,0.884,0.24,0.5914,0.3137,0.6959,0.942,0.24,0.2541,0.24,0,0.884,1,0.2732,0.387,0.6111,0.9399,0.387,0.5089,1,0.8871,0.258,0.8934,0.5914,0,1,0.24,0,0.6936,0.884,0,0.9258,0,0,0.8906,0.934,0.1573,0.6682,0.5914,0,0.387,1,0.24,0.258,0.2831,0.884,1,0,0.24,0,1,0.942,0.9415,0,0,0.5914,0.2757,0.258,0.6932,1,0.24,0.7137,0.6369,0.9473,0.258,0.8934,0.387,0,0,0.24,0.2899,0.884,1,0.5447,0.9289,0,0.258,0.387,0.884,0.24,0.6126,0.6936,0.6936,0.884,0.4553,0.6968,0.24,0.24,0,0,0.9258,0.5,1,0.9707,0.9676,0.9676,0.942,0.9419,0.24,0,0.884,0.8333,0.24,0.884,0.24,0.9707,0.6081,0.648,0.116,0.258,0.6932,0.6932,0,0.5447,0.5447,0.558,0.6279,1,1,1,0.5,0.24,0.24,1,0.8871,0,0.24,0.8871,0.76,0.7173,0.9613,0,0.9289,0.24,0.24,0.5,0.5362,0.8934,0.821,1,0.76,0.258,0.6932,0.6932,0.6932,0.6932,0.6932,0.942,0,0,0,0.884,0,0.5447,0.24,0.8871,0.5447,0.5447,1,0.5447,0.6473,1,0.9645,0.5914,0.5447,0.8934,1,0.9467,0.24,0.24,0.24,0.4553,0.9645,0,0.24,0.24,0.5,0.5447,0.8871,0.884,0.884,0.5447,0.5447,1,1,1,1,0.613,0.4428,0.3393,1,0.24,0.24,0.24,0,0.8871,0,0,0.5447,0.5447,1,0.9289,1,0.5753,0.9467,0,0.4251,0.4553,0.76,1,0.9854,0.76
"6","currenttolval_class6",0.11,0.6879,0.2182,0.8485,0.5822,0.4746,0.2277,0.8231,0.8607,0.5327,0.5311,0.3036,0.9772,0.6242,0.9851,0.1624,0.7353,0.9199,0.5414,0.9991,0.6369,0.9779,0.9886,0.4069,0,0.855,0,0,0.984,0.6964,0,0.3036,0.6629,0,0.3036,0,0.6369,0.9793,0.6964,0.7322,0.9772,0.9677,0.9772,0,0,0,0.9896,0,0.2933,0,0.2449,0.4766,0,0,0.9855,1,0.9772,0.2933,0.6369,0.2294,0.6585,0.9886,0.2933,0.3007,0.2933,0,0.9772,1,0.3224,0.4554,0.6111,0.9775,0.4554,0.5197,1,0.9779,0.3036,0.9793,0.6369,0,1,0.2933,0,0.7323,0.9772,0,0.9855,0,0,0.872,0.9764,0.0652,0.6997,0.6369,0,0.4554,1,0.2933,0.3036,0.3322,0.9772,1,0,0.2933,0,1,0.9886,0.9867,0,0,0.6369,0.3247,0.3036,0.7322,1,0.2933,0.7429,0.5839,0.9896,0.3036,0.9793,0.4554,0,0,0.2933,0.3413,0.9772,1,0.6242,0.9862,0,0.3036,0.4554,0.9772,0.2933,0.5793,0.7323,0.7323,0.9772,0.3758,0.68,0.2933,0.2933,0,0,0.9855,0.5,1,0.9945,0.9938,0.9938,0.9886,0.9886,0.2933,0,0.9772,0.8333,0.2933,0.9772,0.2933,0.9945,0.6852,0.588,0.0228,0.3036,0.7322,0.7322,0,0.6242,0.6242,0.5114,0.5643,1,1,1,0.5,0.2933,0.2933,1,0.9779,0,0.2933,0.9779,0.7067,0.7621,0.9924,0,0.9862,0.2933,0.2933,0.5,0.5645,0.9793,0.8922,1,0.7067,0.3036,0.7322,0.7322,0.7322,0.7322,0.7322,0.9886,0,0,0,0.9772,0,0.6242,0.2933,0.9779,0.6242,0.6242,1,0.6242,0.6629,1,0.9931,0.6369,0.6242,0.9793,1,0.9896,0.2933,0.2933,0.2933,0.3758,0.9931,0,0.2933,0.2933,0.5,0.6242,0.9779,0.9772,0.9772,0.6242,0.6242,1,1,1,1,0.5446,0.3683,0.2855,1,0.2933,0.2933,0.2933,0,0.9779,0,0,0.6242,0.6242,1,0.9862,1,0.5298,0.9896,0,0.3679,0.3758,0.7067,1,0.9972,0.7067
"7","currenttolval_class7",0.13,0.6904,0.2608,0.8731,0.6362,0.5077,0.2568,0.7999,0.8952,0.5334,0.5861,0.3425,1,0.678,1,0.1939,0.7518,0.9384,0.5452,1,0.6759,0.9997,1,0.4,0.0012,0.826,0,0.0012,0.9962,0.6575,0,0.3425,0.6667,6e-04,0.3425,2e-04,0.6759,0.9988,0.6575,0.7414,1,0.9808,1,2e-04,2e-04,6e-04,0.9996,2e-04,0.3469,2e-04,0.2873,0.511,6e-04,6e-04,0.9998,0.9994,1,0.3469,0.6759,0.1899,0.6255,1,0.3469,0.3488,0.3469,6e-04,1,0.9996,0.3722,0.5139,0.6111,0.9884,0.5139,0.5316,1,0.9996,0.3425,0.9988,0.6759,0.0012,0.9998,0.3469,2e-04,0.7414,1,6e-04,0.9998,6e-04,0.0012,0.8519,0.9884,0.0375,0.7285,0.6759,6e-04,0.5139,1,0.3469,0.3425,0.3818,1,0.9988,6e-04,0.3469,2e-04,0.9996,1,0.998,6e-04,6e-04,0.6759,0.3743,0.3425,0.7414,0.9996,0.3469,0.7498,0.5481,1,0.3425,0.9988,0.5139,6e-04,0.0012,0.3469,0.3925,1,0.9994,0.678,0.9992,0.0012,0.3425,0.5139,1,0.3469,0.5478,0.7414,0.7414,1,0.322,0.6619,0.3469,0.3469,0.0012,0.0012,0.9997,0.5006,1,0.9988,0.9994,0.9994,1,1,0.3469,0.0012,1,0.8329,0.3469,1,0.3469,0.9988,0.7338,0.5385,0,0.3425,0.7414,0.7414,2e-04,0.678,0.678,0.5,0.5115,0.9992,0.9994,1,0.5006,0.3469,0.3469,0.9988,0.9997,0.0012,0.3469,0.9998,0.6531,0.7801,1,6e-04,0.9992,0.3469,0.3469,0.5006,0.5714,0.9988,0.9201,0.9994,0.6531,0.3425,0.7414,0.7414,0.7414,0.7414,0.7414,1,6e-04,6e-04,6e-04,1,0,0.678,0.3469,0.9998,0.678,0.678,0.9988,0.678,0.6667,1,0.9998,0.6759,0.678,0.9988,0.9994,0.9996,0.3469,0.3469,0.3469,0.322,0.9997,6e-04,0.3469,0.3469,0.5006,0.678,0.9996,1,1,0.678,0.678,0.9988,1,1,1,0.4861,0.3252,0.264,1,0.3469,0.3469,0.3469,6e-04,0.9996,0.0012,0.0012,0.678,0.678,0.9988,0.9994,0.9988,0.4908,0.9996,0.0012,0.3231,0.322,0.6531,1,0.9995,0.6531
"8","currenttolval_class8",0.15,0.6891,0.3072,0.8915,0.6835,0.5322,0.282,0.7798,0.9121,0.5386,0.6368,0.3771,1,0.7223,0.9999,0.2398,0.7584,0.9482,0.5599,1,0.7134,0.9937,1,0.4,0.028,0.7958,0,0.028,0.9968,0.6229,0,0.3771,0.6667,0.0147,0.3771,0.0053,0.7134,0.972,0.6229,0.7363,1,0.984,1,0.0053,0.0053,0.0147,0.9905,0.0053,0.406,0.0053,0.3397,0.5362,0.0147,0.0147,0.9947,0.9853,1,0.406,0.7134,0.1668,0.5957,1,0.406,0.4038,0.406,0.0147,1,0.9907,0.4278,0.5701,0.6111,0.9903,0.5701,0.5531,1,0.9907,0.3771,0.972,0.7134,0.028,0.9947,0.406,0.0053,0.7351,1,0.0147,0.9947,0.0147,0.028,0.8277,0.9904,0.0311,0.7575,0.7134,0.0147,0.5701,1,0.406,0.3771,0.4369,1,0.972,0.0147,0.406,0.0053,0.9905,1,0.9984,0.0147,0.0147,0.7134,0.4297,0.3771,0.7363,0.9907,0.406,0.7452,0.5205,0.9997,0.3771,0.972,0.5701,0.0147,0.028,0.406,0.4485,1,0.9853,0.7223,0.9813,0.028,0.3771,0.5701,1,0.406,0.5173,0.7351,0.7351,1,0.2777,0.6394,0.406,0.406,0.028,0.028,0.9937,0.514,1,0.972,0.9853,0.9853,1,0.9997,0.406,0.028,1,0.8229,0.406,1,0.406,0.972,0.7717,0.4939,0,0.3771,0.7363,0.7363,0.0053,0.7223,0.7223,0.5,0.4626,0.9813,0.9853,1,0.514,0.406,0.406,0.972,0.9937,0.028,0.406,0.9947,0.594,0.7887,1,0.0147,0.9813,0.406,0.406,0.514,0.5705,0.972,0.9331,0.9853,0.594,0.3771,0.7363,0.7363,0.7363,0.7363,0.7363,1,0.0147,0.0147,0.0147,1,0,0.7223,0.406,0.9947,0.7223,0.7223,0.972,0.7223,0.6667,1,0.9947,0.7134,0.7223,0.972,0.9853,0.9905,0.406,0.406,0.406,0.2777,0.9937,0.0147,0.406,0.406,0.514,0.7223,0.9907,1,1,0.7223,0.7223,0.972,1,1,1,0.4299,0.2949,0.2544,1,0.406,0.406,0.406,0.0147,0.9907,0.028,0.028,0.7223,0.7223,0.972,0.9853,0.972,0.4553,0.9905,0.028,0.2826,0.2777,0.594,1,0.989,0.594
"9","currenttolval_class9",0.17,0.6864,0.3576,0.9087,0.7292,0.553,0.3044,0.7621,0.9275,0.5492,0.6868,0.4089,1,0.7643,0.9997,0.3023,0.7643,0.9572,0.5878,1,0.751,0.9803,1,0.4,0.0855,0.7645,0,0.0855,0.9974,0.5911,0,0.4089,0.6667,0.0452,0.4089,0.0167,0.751,0.9145,0.5911,0.7253,1,0.987,1,0.0167,0.0167,0.0452,0.9705,0.0167,0.471,0.0167,0.4027,0.5578,0.0452,0.0452,0.9833,0.9548,1,0.471,0.751,0.1463,0.5681,1,0.471,0.4661,0.471,0.0452,1,0.9715,0.4895,0.6266,0.6111,0.9921,0.6266,0.586,1,0.9715,0.4089,0.9145,0.751,0.0855,0.9833,0.471,0.0167,0.7217,1,0.0452,0.9833,0.0452,0.0855,0.799,0.9922,0.0254,0.7875,0.751,0.0452,0.6266,1,0.471,0.4089,0.498,1,0.9145,0.0452,0.471,0.0167,0.9705,1,0.9987,0.0452,0.0452,0.751,0.4912,0.4089,0.7253,0.9715,0.471,0.7353,0.4963,0.999,0.4089,0.9145,0.6266,0.0452,0.0855,0.471,0.5096,1,0.9548,0.7643,0.943,0.0855,0.4089,0.6266,1,0.471,0.4873,0.7217,0.7217,1,0.2357,0.6118,0.471,0.471,0.0855,0.0855,0.9803,0.5428,1,0.9145,0.9548,0.9548,1,0.9991,0.471,0.0855,1,0.8012,0.471,1,0.471,0.9145,0.8073,0.4516,0,0.4089,0.7253,0.7253,0.0167,0.7643,0.7643,0.5,0.4147,0.943,0.9548,1,0.5428,0.471,0.471,0.9145,0.9803,0.0855,0.471,0.9833,0.529,0.7966,1,0.0452,0.943,0.471,0.471,0.5428,0.5684,0.9145,0.9449,0.9548,0.529,0.4089,0.7253,0.7253,0.7253,0.7253,0.7253,1,0.0452,0.0452,0.0452,1,0,0.7643,0.471,0.9833,0.7643,0.7643,0.9145,0.7643,0.6667,1,0.9833,0.751,0.7643,0.9145,0.9548,0.9705,0.471,0.471,0.471,0.2357,0.9803,0.0452,0.471,0.471,0.5428,0.7643,0.9715,1,1,0.7643,0.7643,0.9145,1,1,1,0.3734,0.2682,0.2468,1,0.471,0.471,0.471,0.0452,0.9715,0.0855,0.0855,0.7643,0.7643,0.9145,0.9548,0.9145,0.4215,0.9705,0.0855,0.243,0.2357,0.529,1,0.9661,0.529
"10","currenttolval_class10",0.19,0.6825,0.4108,0.9247,0.7729,0.5708,0.3245,0.7463,0.9414,0.5645,0.7354,0.4383,1,0.8039,0.9993,0.3775,0.7696,0.9653,0.6262,1,0.7883,0.9608,1,0.4,0.1676,0.7322,0,0.1676,0.9979,0.5617,0,0.4383,0.6667,0.0895,0.4383,0.0336,0.7883,0.8324,0.5617,0.7095,1,0.9895,1,0.0336,0.0336,0.0895,0.9412,0.0336,0.54,0.0336,0.4736,0.5763,0.0895,0.0895,0.9664,0.9105,1,0.54,0.7883,0.1281,0.5424,1,0.54,0.5334,0.54,0.0895,1,0.9441,0.5554,0.6824,0.6111,0.9937,0.6824,0.6279,1,0.9441,0.4383,0.8324,0.7883,0.1676,0.9664,0.54,0.0336,0.7025,1,0.0895,0.9664,0.0895,0.1676,0.7664,0.9937,0.0204,0.8178,0.7883,0.0895,0.6824,1,0.54,0.4383,0.5629,1,0.8324,0.0895,0.54,0.0336,0.9412,1,0.999,0.0895,0.0895,0.7883,0.5568,0.4383,0.7095,0.9441,0.54,0.7206,0.4752,0.998,0.4383,0.8324,0.6824,0.0895,0.1676,0.54,0.5741,1,0.9105,0.8039,0.8882,0.1676,0.4383,0.6824,1,0.54,0.4579,0.7025,0.7025,1,0.1961,0.5801,0.54,0.54,0.1676,0.1676,0.9608,0.5838,1,0.8324,0.9105,0.9105,1,0.9983,0.54,0.1676,1,0.7695,0.54,1,0.54,0.8324,0.8405,0.4115,0,0.4383,0.7095,0.7095,0.0336,0.8039,0.8039,0.5,0.3684,0.8882,0.9105,1,0.5838,0.54,0.54,0.8324,0.9608,0.1676,0.54,0.9664,0.46,0.8036,1,0.0895,0.8882,0.54,0.54,0.5838,0.5653,0.8324,0.9555,0.9105,0.46,0.4383,0.7095,0.7095,0.7095,0.7095,0.7095,1,0.0895,0.0895,0.0895,1,0,0.8039,0.54,0.9664,0.8039,0.8039,0.8324,0.8039,0.6667,1,0.9664,0.7883,0.8039,0.8324,0.9105,0.9412,0.54,0.54,0.54,0.1961,0.9608,0.0895,0.54,0.54,0.5838,0.8039,0.9441,1,1,0.8039,0.8039,0.8324,1,1,1,0.3176,0.2446,0.2407,1,0.54,0.54,0.54,0.0895,0.9441,0.1676,0.1676,0.8039,0.8039,0.8324,0.9105,0.8324,0.3895,0.9412,0.1676,0.2047,0.1961,0.46,1,0.9329,0.46
"11","currenttolval_class11",0.22,0.6751,0.4935,0.9461,0.8337,0.593,0.3516,0.7251,0.9593,0.5943,0.8042,0.4787,1,0.858,0.9985,0.5058,0.7764,0.9758,0.6974,1,0.8419,0.922,1,0.4,0.3235,0.6824,0,0.3235,0.9986,0.5213,0,0.4787,0.6667,0.1758,0.4787,0.068,0.8419,0.6765,0.5213,0.6797,1,0.9928,1,0.068,0.068,0.1758,0.883,0.068,0.6464,0.068,0.5883,0.5994,0.1758,0.1758,0.932,0.8242,1,0.6464,0.8419,0.105,0.5067,1,0.6464,0.639,0.6464,0.1758,1,0.8922,0.6575,0.7629,0.6111,0.9957,0.7629,0.7019,1,0.8922,0.4787,0.6765,0.8419,0.3235,0.932,0.6464,0.068,0.6662,1,0.1758,0.932,0.1758,0.3235,0.7123,0.9957,0.014,0.8625,0.8419,0.1758,0.7629,1,0.6464,0.4787,0.6635,1,0.6765,0.1758,0.6464,0.068,0.883,1,0.9993,0.1758,0.1758,0.8419,0.6586,0.4787,0.6797,0.8922,0.6464,0.6915,0.4479,0.9961,0.4787,0.6765,0.7629,0.1758,0.3235,0.6464,0.6732,1,0.8242,0.858,0.7844,0.3235,0.4787,0.7629,1,0.6464,0.4151,0.6662,0.6662,1,0.142,0.5267,0.6464,0.6464,0.3235,0.3235,0.922,0.6617,1,0.6765,0.8242,0.8242,1,0.9966,0.6464,0.3235,1,0.7074,0.6464,1,0.6464,0.6765,0.8853,0.3556,0,0.4787,0.6797,0.6797,0.068,0.858,0.858,0.5,0.3027,0.7844,0.8242,1,0.6617,0.6464,0.6464,0.6765,0.922,0.3235,0.6464,0.932,0.3536,0.8127,1,0.1758,0.7844,0.6464,0.6464,0.6617,0.5589,0.6765,0.9691,0.8242,0.3536,0.4787,0.6797,0.6797,0.6797,0.6797,0.6797,1,0.1758,0.1758,0.1758,1,0,0.858,0.6464,0.932,0.858,0.858,0.6765,0.858,0.6667,1,0.932,0.8419,0.858,0.6765,0.8242,0.883,0.6464,0.6464,0.6464,0.142,0.922,0.1758,0.6464,0.6464,0.6617,0.858,0.8922,1,1,0.858,0.858,0.6765,1,1,1,0.2371,0.2143,0.2337,1,0.6464,0.6464,0.6464,0.1758,0.8922,0.3235,0.3235,0.858,0.858,0.6765,0.8242,0.6765,0.3447,0.883,0.3235,0.1509,0.142,0.3536,1,0.8681,0.3536
"12","currenttolval_class12",0.24,0.6695,0.5487,0.9586,0.8703,0.6058,0.3684,0.7119,0.9693,0.6177,0.8464,0.5039,1,0.89,0.9979,0.5962,0.7802,0.9817,0.7501,1,0.8753,0.8914,1,0.4,0.4401,0.6485,0,0.4401,0.999,0.4961,0,0.5039,0.6667,0.2426,0.5039,0.0959,0.8753,0.5599,0.4961,0.6573,1,0.9947,1,0.0959,0.0959,0.2426,0.8371,0.0959,0.7162,0.0959,0.6664,0.6127,0.2426,0.2426,0.9041,0.7574,1,0.7162,0.8753,0.092,0.4842,1,0.7162,0.7092,0.7162,0.2426,1,0.8533,0.7248,0.8129,0.6111,0.9968,0.8129,0.7552,1,0.8533,0.5039,0.5599,0.8753,0.4401,0.9041,0.7162,0.0959,0.639,1,0.2426,0.9041,0.2426,0.4401,0.6738,0.9968,0.0104,0.8908,0.8753,0.2426,0.8129,1,0.7162,0.5039,0.7297,1,0.5599,0.2426,0.7162,0.0959,0.8371,1,0.9995,0.2426,0.2426,0.8753,0.7257,0.5039,0.6573,0.8533,0.7162,0.6685,0.432,0.9946,0.5039,0.5599,0.8129,0.2426,0.4401,0.7162,0.738,1,0.7574,0.89,0.7066,0.4401,0.5039,0.8129,1,0.7162,0.3874,0.639,0.639,1,0.11,0.4885,0.7162,0.7162,0.4401,0.4401,0.8914,0.7201,1,0.5599,0.7574,0.7574,1,0.9953,0.7162,0.4401,1,0.659,0.7162,1,0.7162,0.5599,0.9117,0.3213,0,0.5039,0.6573,0.6573,0.0959,0.89,0.89,0.5,0.2622,0.7066,0.7574,1,0.7201,0.7162,0.7162,0.5599,0.8914,0.4401,0.7162,0.9041,0.2838,0.8178,1,0.2426,0.7066,0.7162,0.7162,0.7201,0.5534,0.5599,0.9768,0.7574,0.2838,0.5039,0.6573,0.6573,0.6573,0.6573,0.6573,1,0.2426,0.2426,0.2426,1,0,0.89,0.7162,0.9041,0.89,0.89,0.5599,0.89,0.6667,1,0.9041,0.8753,0.89,0.5599,0.7574,0.8371,0.7162,0.7162,0.7162,0.11,0.8914,0.2426,0.7162,0.7162,0.7201,0.89,0.8533,1,1,0.89,0.89,0.5599,1,1,1,0.1871,0.197,0.2301,1,0.7162,0.7162,0.7162,0.2426,0.8533,0.4401,0.4401,0.89,0.89,0.5599,0.7574,0.5599,0.3168,0.8371,0.4401,0.1181,0.11,0.2838,1,0.818,0.2838
"13","currenttolval_class13",0.26,0.6638,0.6028,0.9696,0.9034,0.6177,0.3848,0.6989,0.9779,0.643,0.8848,0.528,1,0.9186,0.9971,0.686,0.7835,0.9868,0.8039,1,0.906,0.8581,1,0.4,0.5599,0.6141,0,0.5599,0.9993,0.472,0,0.528,0.6667,0.3136,0.528,0.127,0.906,0.4401,0.472,0.6344,1,0.9962,1,0.127,0.127,0.3136,0.7871,0.127,0.7828,0.127,0.7424,0.6249,0.3136,0.3136,0.873,0.6864,1,0.7828,0.906,0.0807,0.4624,1,0.7828,0.7767,0.7828,0.3136,1,0.8134,0.7891,0.859,0.6111,0.9977,0.859,0.8088,1,0.8134,0.528,0.4401,0.906,0.5599,0.873,0.7828,0.127,0.611,1,0.3136,0.873,0.3136,0.5599,0.6343,0.9977,0.0074,0.9173,0.906,0.3136,0.859,1,0.7828,0.528,0.793,1,0.4401,0.3136,0.7828,0.127,0.7871,1,0.9996,0.3136,0.3136,0.906,0.7898,0.528,0.6344,0.8134,0.7828,0.6436,0.4174,0.9929,0.528,0.4401,0.859,0.3136,0.5599,0.7828,0.7996,1,0.6864,0.9186,0.6268,0.5599,0.528,0.859,1,0.7828,0.3605,0.611,0.611,1,0.0814,0.4493,0.7828,0.7828,0.5599,0.5599,0.8581,0.7799,1,0.4401,0.6864,0.6864,1,0.994,0.7828,0.5599,1,0.6071,0.7828,1,0.7828,0.4401,0.9349,0.2892,0,0.528,0.6344,0.6344,0.127,0.9186,0.9186,0.5,0.2248,0.6268,0.6864,1,0.7799,0.7828,0.7828,0.4401,0.8581,0.5599,0.7828,0.873,0.2172,0.8221,1,0.3136,0.6268,0.7828,0.7828,0.7799,0.5472,0.4401,0.9833,0.6864,0.2172,0.528,0.6344,0.6344,0.6344,0.6344,0.6344,1,0.3136,0.3136,0.3136,1,0,0.9186,0.7828,0.873,0.9186,0.9186,0.4401,0.9186,0.6667,1,0.873,0.906,0.9186,0.4401,0.6864,0.7871,0.7828,0.7828,0.7828,0.0814,0.8581,0.3136,0.7828,0.7828,0.7799,0.9186,0.8134,1,1,0.9186,0.9186,0.4401,1,1,1,0.141,0.1815,0.2269,1,0.7828,0.7828,0.7828,0.3136,0.8134,0.5599,0.5599,0.9186,0.9186,0.4401,0.6864,0.4401,0.2904,0.7871,0.5599,0.0884,0.0814,0.2172,1,0.7648,0.2172
"14","currenttolval_class14",0.28,0.6583,0.6546,0.979,0.9323,0.6291,0.4014,0.6854,0.985,0.6693,0.9189,0.5515,1,0.9433,0.9961,0.7714,0.7861,0.991,0.8561,1,0.9335,0.8232,1,0.4,0.6765,0.5795,0,0.6765,0.9995,0.4485,0,0.5515,0.6667,0.3861,0.5515,0.1606,0.9335,0.3235,0.4485,0.612,1,0.9974,1,0.1606,0.1606,0.3861,0.7348,0.1606,0.844,0.1606,0.8137,0.6367,0.3861,0.3861,0.8394,0.6139,1,0.844,0.9335,0.071,0.441,1,0.844,0.8392,0.844,0.3861,1,0.7745,0.8485,0.9003,0.6111,0.9985,0.9003,0.8603,1,0.7745,0.5515,0.3235,0.9335,0.6765,0.8394,0.844,0.1606,0.5838,1,0.3861,0.8394,0.3861,0.6765,0.5946,0.9985,0.005,0.9411,0.9335,0.3861,0.9003,1,0.844,0.5515,0.8513,1,0.3235,0.3861,0.844,0.1606,0.7348,1,0.9997,0.3861,0.3861,0.9335,0.8489,0.5515,0.612,0.7745,0.844,0.6174,0.4036,0.9912,0.5515,0.3235,0.9003,0.3861,0.6765,0.844,0.8563,1,0.6139,0.9433,0.549,0.6765,0.5515,0.9003,1,0.844,0.3343,0.5838,0.5838,1,0.0567,0.4101,0.844,0.844,0.6765,0.6765,0.8232,0.8383,1,0.3235,0.6139,0.6139,1,0.9926,0.844,0.6765,1,0.5535,0.844,1,0.844,0.3235,0.9549,0.2595,0,0.5515,0.612,0.612,0.1606,0.9433,0.9433,0.5,0.1911,0.549,0.6139,1,0.8383,0.844,0.844,0.3235,0.8232,0.6765,0.844,0.8394,0.156,0.8257,1,0.3861,0.549,0.844,0.844,0.8383,0.5403,0.3235,0.9887,0.6139,0.156,0.5515,0.612,0.612,0.612,0.612,0.612,1,0.3861,0.3861,0.3861,1,0,0.9433,0.844,0.8394,0.9433,0.9433,0.3235,0.9433,0.6667,1,0.8394,0.9335,0.9433,0.3235,0.6139,0.7348,0.844,0.844,0.844,0.0567,0.8232,0.3861,0.844,0.844,0.8383,0.9433,0.7745,1,1,0.9433,0.9433,0.3235,1,1,1,0.0997,0.1676,0.2237,1,0.844,0.844,0.844,0.3861,0.7745,0.6765,0.6765,0.9433,0.9433,0.3235,0.6139,0.3235,0.2656,0.7348,0.6765,0.0621,0.0567,0.156,1,0.7104,0.156
"15","currenttolval_class15",0.3,0.6531,0.7029,0.9868,0.9567,0.6407,0.4188,0.671,0.9907,0.6958,0.9479,0.5747,1,0.964,0.9951,0.8486,0.7883,0.9944,0.9041,1,0.9571,0.7877,1,0.4,0.784,0.5449,0,0.784,0.9997,0.4253,0,0.5747,0.6667,0.4573,0.5747,0.196,0.9571,0.216,0.4253,0.5914,1,0.9984,1,0.196,0.196,0.4573,0.6815,0.196,0.898,0.196,0.8773,0.6487,0.4573,0.4573,0.804,0.5427,1,0.898,0.9571,0.0625,0.4196,1,0.898,0.8946,0.898,0.4573,1,0.7387,0.9008,0.9356,0.6111,0.9991,0.9356,0.9072,1,0.7387,0.5747,0.216,0.9571,0.784,0.804,0.898,0.196,0.5587,1,0.4573,0.804,0.4573,0.784,0.5556,0.9991,0.0031,0.9618,0.9571,0.4573,0.9356,1,0.898,0.5747,0.9027,1,0.216,0.4573,0.898,0.196,0.6815,1,0.9998,0.4573,0.4573,0.9571,0.9011,0.5747,0.5914,0.7387,0.898,0.5908,0.39,0.9894,0.5747,0.216,0.9356,0.4573,0.784,0.898,0.9061,1,0.5427,0.964,0.4773,0.784,0.5747,0.9356,1,0.898,0.309,0.5587,0.5587,1,0.036,0.3716,0.898,0.898,0.784,0.784,0.7877,0.892,1,0.216,0.5427,0.5427,1,0.9913,0.898,0.784,1,0.5001,0.898,1,0.898,0.216,0.9715,0.232,0,0.5747,0.5914,0.5914,0.196,0.964,0.964,0.5,0.1615,0.4773,0.5427,1,0.892,0.898,0.898,0.216,0.7877,0.784,0.898,0.804,0.102,0.8286,1,0.4573,0.4773,0.898,0.898,0.892,0.5327,0.216,0.993,0.5427,0.102,0.5747,0.5914,0.5914,0.5914,0.5914,0.5914,1,0.4573,0.4573,0.4573,1,0,0.964,0.898,0.804,0.964,0.964,0.216,0.964,0.6667,1,0.804,0.9571,0.964,0.216,0.5427,0.6815,0.898,0.898,0.898,0.036,0.7877,0.4573,0.898,0.898,0.892,0.964,0.7387,1,1,0.964,0.964,0.216,1,1,1,0.0644,0.1548,0.2203,1,0.898,0.898,0.898,0.4573,0.7387,0.784,0.784,0.964,0.964,0.216,0.5427,0.216,0.2423,0.6815,0.784,0.0398,0.036,0.102,1,0.657,0.102
"16","currenttolval_class16",0.32,0.6488,0.7465,0.9928,0.9762,0.6532,0.4375,0.6553,0.995,0.7217,0.9711,0.5982,1,0.9803,0.9939,0.9138,0.7899,0.997,0.945,1,0.9761,0.7526,1,0.4,0.8761,0.5103,0,0.8761,0.9998,0.4018,0,0.5982,0.6667,0.5246,0.5982,0.2325,0.9761,0.1239,0.4018,0.5737,1,0.9992,1,0.2325,0.2325,0.5246,0.6289,0.2325,0.9426,0.2325,0.9305,0.6613,0.5246,0.5246,0.7675,0.4754,1,0.9426,0.9761,0.0552,0.3978,1,0.9426,0.9405,0.9426,0.5246,1,0.708,0.9441,0.9642,0.6111,0.9995,0.9642,0.947,1,0.708,0.5982,0.1239,0.9761,0.8761,0.7675,0.9426,0.2325,0.5372,1,0.5246,0.7675,0.5246,0.8761,0.518,0.9995,0.0016,0.9787,0.9761,0.5246,0.9642,1,0.9426,0.5982,0.9452,1,0.1239,0.5246,0.9426,0.2325,0.6289,1,0.9999,0.5246,0.5246,0.9761,0.9443,0.5982,0.5737,0.708,0.9426,0.5644,0.3762,0.9877,0.5982,0.1239,0.9642,0.5246,0.8761,0.9426,0.9471,1,0.4754,0.9803,0.4159,0.8761,0.5982,0.9642,1,0.9426,0.2846,0.5372,0.5372,1,0.0197,0.3349,0.9426,0.9426,0.8761,0.8761,0.7526,0.938,1,0.1239,0.4754,0.4754,1,0.9901,0.9426,0.8761,1,0.4488,0.9426,1,0.9426,0.1239,0.9844,0.2069,0,0.5982,0.5737,0.5737,0.2325,0.9803,0.9803,0.5,0.1365,0.4159,0.4754,1,0.938,0.9426,0.9426,0.1239,0.7526,0.8761,0.9426,0.7675,0.0574,0.8308,1,0.5246,0.4159,0.9426,0.9426,0.938,0.5246,0.1239,0.9963,0.4754,0.0574,0.5982,0.5737,0.5737,0.5737,0.5737,0.5737,1,0.5246,0.5246,0.5246,1,0,0.9803,0.9426,0.7675,0.9803,0.9803,0.1239,0.9803,0.6667,1,0.7675,0.9761,0.9803,0.1239,0.4754,0.6289,0.9426,0.9426,0.9426,0.0197,0.7526,0.5246,0.9426,0.9426,0.938,0.9803,0.708,1,1,0.9803,0.9803,0.1239,1,1,1,0.0358,0.1429,0.2164,1,0.9426,0.9426,0.9426,0.5246,0.708,0.8761,0.8761,0.9803,0.9803,0.1239,0.4754,0.1239,0.2203,0.6289,0.8761,0.022,0.0197,0.0574,1,0.6066,0.0574
"17","currenttolval_class17",0.34,0.6454,0.7844,0.997,0.9901,0.667,0.458,0.6376,0.998,0.7463,0.988,0.6222,1,0.9919,0.9926,0.9631,0.7909,0.9988,0.9764,1,0.99,0.719,1,0.4,0.9467,0.4759,0,0.9467,0.9999,0.3778,0,0.6222,0.6667,0.5851,0.6222,0.2695,0.99,0.0533,0.3778,0.5602,1,0.9997,1,0.2695,0.2695,0.5851,0.5784,0.2695,0.9757,0.2695,0.9704,0.6753,0.5851,0.5851,0.7305,0.4149,1,0.9757,0.99,0.0488,0.3753,1,0.9757,0.9748,0.9757,0.5851,1,0.6844,0.9763,0.985,0.6111,0.9998,0.985,0.9773,1,0.6844,0.6222,0.0533,0.99,0.9467,0.7305,0.9757,0.2695,0.5208,1,0.5851,0.7305,0.5851,0.9467,0.4827,0.9998,6e-04,0.991,0.99,0.5851,0.985,1,0.9757,0.6222,0.9768,1,0.0533,0.5851,0.9757,0.2695,0.5784,1,1,0.5851,0.5851,0.99,0.9764,0.6222,0.5602,0.6844,0.9757,0.5392,0.3618,0.9861,0.6222,0.0533,0.985,0.5851,0.9467,0.9757,0.9776,1,0.4149,0.9919,0.3689,0.9467,0.6222,0.985,1,0.9757,0.2611,0.5208,0.5208,1,0.0081,0.3007,0.9757,0.9757,0.9467,0.9467,0.719,0.9733,1,0.0533,0.4149,0.4149,1,0.989,0.9757,0.9467,1,0.4014,0.9757,1,0.9757,0.0533,0.9936,0.1842,0,0.6222,0.5602,0.5602,0.2695,0.9919,0.9919,0.5,0.1166,0.3689,0.4149,1,0.9733,0.9757,0.9757,0.0533,0.719,0.9467,0.9757,0.7305,0.0243,0.8323,1,0.5851,0.3689,0.9757,0.9757,0.9733,0.516,0.0533,0.9985,0.4149,0.0243,0.6222,0.5602,0.5602,0.5602,0.5602,0.5602,1,0.5851,0.5851,0.5851,1,0,0.9919,0.9757,0.7305,0.9919,0.9919,0.0533,0.9919,0.6667,1,0.7305,0.99,0.9919,0.0533,0.4149,0.5784,0.9757,0.9757,0.9757,0.0081,0.719,0.5851,0.9757,0.9757,0.9733,0.9919,0.6844,1,1,0.9919,0.9919,0.0533,1,1,1,0.015,0.1313,0.2116,1,0.9757,0.9757,0.9757,0.5851,0.6844,0.9467,0.9467,0.9919,0.9919,0.0533,0.4149,0.0533,0.1997,0.5784,0.9467,0.0092,0.0081,0.0243,1,0.5612,0.0243
"18","currenttolval_class18",0.37,0.6429,0.8279,0.9999,0.9998,0.6915,0.4934,0.6063,1,0.7788,0.9997,0.6601,1,0.9998,0.9904,0.9992,0.7917,1,0.9995,1,0.9998,0.6735,1,0.4,0.9988,0.425,0,0.9988,1,0.3399,0,0.6601,0.6667,0.6573,0.6601,0.3244,0.9998,0.0012,0.3399,0.5502,1,1,1,0.3244,0.3244,0.6573,0.5102,0.3244,0.9995,0.3244,0.9994,0.7001,0.6573,0.6573,0.6756,0.3427,1,0.9995,0.9998,0.0405,0.3396,1,0.9995,0.9995,0.9995,0.6573,1,0.6671,0.9995,0.9997,0.6111,1,0.9997,0.9995,1,0.6671,0.6601,0.0012,0.9998,0.9988,0.6756,0.9995,0.3244,0.5086,1,0.6573,0.6756,0.6573,0.9988,0.4356,1,0,0.9998,0.9998,0.6573,0.9997,1,0.9995,0.6601,0.9995,1,0.0012,0.6573,0.9995,0.3244,0.5102,1,1,0.6573,0.6573,0.9998,0.9995,0.6601,0.5502,0.6671,0.9995,0.5051,0.3377,0.984,0.6601,0.0012,0.9997,0.6573,0.9988,0.9995,0.9995,1,0.3427,0.9998,0.3341,0.9988,0.6601,0.9997,1,0.9995,0.2276,0.5086,0.5086,1,2e-04,0.2564,0.9995,0.9995,0.9988,0.9988,0.6735,0.9994,1,0.0012,0.3427,0.3427,1,0.9879,0.9995,0.9988,1,0.3416,0.9995,1,0.9995,0.0012,0.9999,0.1544,0,0.6601,0.5502,0.5502,0.3244,0.9998,0.9998,0.5,0.0972,0.3341,0.3427,1,0.9994,0.9995,0.9995,0.0012,0.6735,0.9988,0.9995,0.6756,5e-04,0.8333,1,0.6573,0.3341,0.9995,0.9995,0.9994,0.5023,0.0012,1,0.3427,5e-04,0.6601,0.5502,0.5502,0.5502,0.5502,0.5502,1,0.6573,0.6573,0.6573,1,0,0.9998,0.9995,0.6756,0.9998,0.9998,0.0012,0.9998,0.6667,1,0.6756,0.9998,0.9998,0.0012,0.3427,0.5102,0.9995,0.9995,0.9995,2e-04,0.6735,0.6573,0.9995,0.9995,0.9994,0.9998,0.6671,1,1,0.9998,0.9998,0.0012,1,1,1,3e-04,0.1141,0.2019,1,0.9995,0.9995,0.9995,0.6573,0.6671,0.9988,0.9988,0.9998,0.9998,0.0012,0.3427,0.0012,0.1711,0.5102,0.9988,2e-04,2e-04,5e-04,1,0.507,5e-04
"19","currenttolval_class19",0.39,0.6429,0.8488,0.9989,0.9985,0.7107,0.5207,0.5813,0.9983,0.7974,0.997,0.6867,1,0.9953,0.9843,1,0.7893,0.9994,0.9983,0.9984,0.9988,0.6467,0.9947,0.3989,0.9999,0.3917,0.0053,0.9982,0.9981,0.3133,0.0053,0.6867,0.664,0.6931,0.6867,0.361,0.9988,0,0.3133,0.55,1,0.9988,1,0.361,0.361,0.6931,0.47,0.361,0.9976,0.361,1,0.7194,0.6931,0.6931,0.639,0.3069,1,0.9958,0.9988,0.0355,0.3143,0.9947,0.9994,1,0.9994,0.6931,0.9974,0.6667,1,1,0.6091,0.9999,1,1,1,0.6667,0.6867,0,0.9988,0.999,0.639,0.9976,0.361,0.5083,0.9965,0.6931,0.639,0.6931,0.999,0.4082,0.9992,0,0.9982,0.9988,0.6931,0.9982,1,0.9976,0.6867,0.9993,0.9965,0,0.6931,0.9994,0.361,0.47,0.9974,1,0.6931,0.6931,0.9953,1,0.6867,0.55,0.6667,0.9985,0.485,0.32,0.9828,0.6867,0,0.9982,0.6931,0.9999,0.9985,0.9995,0.9974,0.3069,0.9988,0.3333,1,0.6867,1,1,0.9994,0.2063,0.5083,0.5083,1,0,0.2314,0.9994,0.9994,1,0.9964,0.6467,1,1,0,0.3069,0.3069,1,0.9874,0.9976,0.9982,0.9982,0.3095,0.9976,1,0.9985,0,1,0.137,0,0.6867,0.55,0.55,0.361,0.9988,0.9988,0.4974,0.0902,0.3333,0.3069,1,1,0.9976,1,0,0.6467,0.9964,0.9994,0.639,0,0.8302,0.9947,0.6931,0.3333,0.9985,0.9985,1,0.4919,0,0.9955,0.3069,0,0.6867,0.55,0.55,0.55,0.55,0.55,1,0.6931,0.6931,0.6931,1,0.0053,0.9988,0.9994,0.639,0.9988,0.9988,0,0.9988,0.6645,0.9947,0.639,0.997,0.9988,0,0.3069,0.47,1,0.9994,0.9976,0,0.6467,0.6931,0.9985,0.9976,1,0.997,0.6667,1,1,0.9988,0.9988,0,1,1,1,0,0.1023,0.1935,1,0.9976,0.9976,0.9976,0.6931,0.6667,0.9964,0.9999,0.9988,0.9988,0,0.3069,0,0.1534,0.47,0.999,0,0,0,1,0.4802,0
"20","currenttolval_class20",0.41,0.6429,0.8691,0.9942,0.992,0.7309,0.5506,0.5524,0.9911,0.8158,0.9841,0.7133,1,0.9748,0.9633,0.9994,0.7792,0.9967,0.9908,0.9915,0.9935,0.62,0.972,0.3944,0.9991,0.3583,0.028,0.9897,0.9901,0.2867,0.028,0.7133,0.6527,0.7276,0.7133,0.4008,0.9935,0,0.2867,0.55,1,0.9938,1,0.4008,0.4008,0.7276,0.43,0.4008,0.9869,0.4008,0.9995,0.7395,0.7276,0.7276,0.5992,0.2724,1,0.9776,0.9935,0.0306,0.2888,0.972,0.9963,0.9997,0.9963,0.7276,0.986,0.6667,0.9997,1,0.6002,0.9995,1,0.9998,1,0.6667,0.7133,0,0.9935,0.9944,0.5992,0.9869,0.4008,0.5084,0.9813,0.7276,0.5992,0.7276,0.9944,0.3815,0.996,0,0.9903,0.9935,0.7276,0.9902,1,0.9869,0.7133,0.996,0.9813,0,0.7276,0.9963,0.4008,0.43,0.986,1,0.7276,0.7276,0.9748,0.9995,0.7133,0.55,0.6667,0.9916,0.465,0.3022,0.9816,0.7133,0,0.9902,0.7276,0.9991,0.9916,0.9971,0.986,0.2724,0.9935,0.3333,1,0.7133,1,1,0.9963,0.1856,0.5084,0.5084,1,0,0.2071,0.9963,0.9963,1,0.9804,0.62,1,1,0,0.2724,0.2724,1,0.9869,0.9869,0.9897,0.9907,0.2784,0.9869,1,0.9916,0,1,0.1198,0,0.7133,0.55,0.55,0.4008,0.9935,0.9935,0.486,0.0838,0.3333,0.2724,1,1,0.9869,1,0,0.62,0.9804,0.9963,0.5992,0,0.8167,0.972,0.7276,0.3333,0.9916,0.9916,1,0.4779,0,0.9762,0.2724,0,0.7133,0.55,0.55,0.55,0.55,0.55,1,0.7276,0.7276,0.7276,1,0.028,0.9935,0.9963,0.5992,0.9935,0.9935,0,0.9935,0.655,0.972,0.5992,0.9841,0.9935,0,0.2724,0.43,1,0.9963,0.9869,0,0.62,0.7276,0.9916,0.9869,1,0.9841,0.6667,1,1,0.9935,0.9935,0,1,1,1,0,0.0908,0.1835,1,0.9869,0.9869,0.9869,0.7276,0.6667,0.9804,0.9991,0.9935,0.9935,0,0.2724,0,0.1362,0.43,0.9944,0,0,0,1,0.4543,0
"21","currenttolval_class21",0.43,0.6429,0.8887,0.9858,0.9802,0.7521,0.583,0.5196,0.9784,0.8339,0.9613,0.74,1,0.939,0.9282,0.9977,0.7616,0.9919,0.9774,0.9797,0.9839,0.5933,0.9327,0.3865,0.9965,0.325,0.0673,0.974,0.9763,0.26,0.0673,0.74,0.633,0.7612,0.74,0.444,0.9839,0,0.26,0.55,1,0.9851,1,0.444,0.444,0.7612,0.39,0.444,0.9677,0.444,0.998,0.7605,0.7612,0.7612,0.556,0.2388,1,0.9453,0.9839,0.026,0.263,0.9327,0.9902,0.9989,0.9902,0.7612,0.9664,0.6667,0.9989,1,0.5849,0.9989,1,0.9993,1,0.6667,0.74,0,0.9839,0.9852,0.556,0.9677,0.444,0.5088,0.9551,0.7612,0.556,0.7612,0.9852,0.3554,0.9903,0,0.9763,0.9839,0.7612,0.9758,1,0.9677,0.74,0.9895,0.9551,0,0.7612,0.9902,0.444,0.39,0.9664,1,0.7612,0.7612,0.939,0.9979,0.74,0.55,0.6667,0.9789,0.445,0.2844,0.9804,0.74,0,0.9758,0.7612,0.9965,0.9789,0.9922,0.9664,0.2388,0.9839,0.3333,1,0.74,1,1,0.9902,0.1653,0.5088,0.5088,1,0,0.1835,0.9902,0.9902,1,0.9516,0.5933,1,1,0,0.2388,0.2388,1,0.9864,0.9677,0.974,0.9776,0.2479,0.9677,1,0.9789,0,0.9998,0.1032,0,0.74,0.55,0.55,0.444,0.9839,0.9839,0.4664,0.0779,0.3333,0.2388,1,1,0.9677,1,0,0.5933,0.9516,0.9902,0.556,0,0.7933,0.9327,0.7612,0.3333,0.9789,0.9789,1,0.4605,0,0.9427,0.2388,0,0.74,0.55,0.55,0.55,0.55,0.55,1,0.7612,0.7612,0.7612,1,0.0673,0.9839,0.9902,0.556,0.9839,0.9839,0,0.9839,0.6386,0.9327,0.556,0.9614,0.9839,0,0.2388,0.39,1,0.9902,0.9677,0,0.5933,0.7612,0.9789,0.9677,1,0.9614,0.6667,1,1,0.9839,0.9839,0,1,1,1,0,0.0796,0.1719,1,0.9677,0.9677,0.9677,0.7612,0.6667,0.9516,0.9965,0.9839,0.9839,0,0.2388,0,0.1194,0.39,0.9852,0,0,0,1,0.4291,0
"22","currenttolval_class22",0.45,0.6429,0.9074,0.9741,0.9632,0.7742,0.6176,0.4834,0.9607,0.8519,0.9291,0.7667,1,0.889,0.8803,0.9942,0.7373,0.9852,0.958,0.9633,0.97,0.5667,0.8785,0.3757,0.991,0.2917,0.1215,0.9505,0.9572,0.2333,0.1215,0.7667,0.6059,0.7935,0.7667,0.4902,0.97,0,0.2333,0.55,1,0.9731,1,0.4902,0.4902,0.7935,0.35,0.4902,0.94,0.4902,0.995,0.7821,0.7935,0.7935,0.5098,0.2065,1,0.8995,0.97,0.0215,0.237,0.8785,0.9805,0.9971,0.9805,0.7935,0.9392,0.6667,0.9971,1,0.5639,0.9979,1,0.9982,1,0.6667,0.7667,0,0.97,0.9708,0.5098,0.94,0.4902,0.5095,0.919,0.7935,0.5098,0.7935,0.9708,0.33,0.9825,0,0.9564,0.97,0.7935,0.955,1,0.94,0.7667,0.9795,0.919,0,0.7935,0.9805,0.4902,0.35,0.9392,1,0.7935,0.7935,0.889,0.9946,0.7667,0.55,0.6667,0.9602,0.425,0.2667,0.9792,0.7667,0,0.955,0.7935,0.991,0.9602,0.9843,0.9392,0.2065,0.97,0.3333,1,0.7667,1,1,0.9805,0.1455,0.5095,0.5095,1,0,0.1606,0.9805,0.9805,1,0.91,0.5667,1,1,0,0.2065,0.2065,1,0.986,0.94,0.9505,0.9595,0.2183,0.94,1,0.9602,0,0.9996,0.0871,0,0.7667,0.55,0.55,0.4902,0.97,0.97,0.4392,0.0724,0.3333,0.2065,1,1,0.94,1,0,0.5667,0.91,0.9805,0.5098,0,0.7608,0.8785,0.7935,0.3333,0.9602,0.9602,1,0.44,0,0.8963,0.2065,0,0.7667,0.55,0.55,0.55,0.55,0.55,1,0.7935,0.7935,0.7935,1,0.1215,0.97,0.9805,0.5098,0.97,0.97,0,0.97,0.616,0.8785,0.5098,0.9295,0.97,0,0.2065,0.35,1,0.9805,0.94,0,0.5667,0.7935,0.9602,0.94,1,0.9295,0.6667,1,1,0.97,0.97,0,1,1,1,0,0.0688,0.1589,1,0.94,0.94,0.94,0.7935,0.6667,0.91,0.991,0.97,0.97,0,0.2065,0,0.1032,0.35,0.9708,0,0,0,1,0.4049,0
"23","currenttolval_class23",0.47,0.6429,0.9251,0.9591,0.9412,0.7971,0.6545,0.4438,0.9383,0.8696,0.8877,0.7933,1,0.8258,0.821,0.9882,0.7068,0.9767,0.9326,0.9428,0.9519,0.54,0.8108,0.3622,0.9817,0.2583,0.1892,0.9187,0.9333,0.2067,0.1892,0.7933,0.5721,0.8245,0.7933,0.5393,0.9519,0,0.2067,0.55,1,0.958,1,0.5393,0.5393,0.8245,0.31,0.5393,0.9037,0.5393,0.9899,0.8046,0.8245,0.8245,0.4607,0.1755,1,0.8407,0.9519,0.0174,0.2107,0.8108,0.9668,0.9942,0.9668,0.8245,0.9054,0.6667,0.9941,1,0.5375,0.9967,1,0.9963,1,0.6667,0.7933,0,0.9519,0.9502,0.4607,0.9037,0.5393,0.5106,0.8739,0.8245,0.4607,0.8245,0.9502,0.3053,0.9726,0,0.931,0.9519,0.8245,0.9278,1,0.9037,0.7933,0.9653,0.8739,0,0.8245,0.9668,0.5393,0.31,0.9054,1,0.8245,0.8245,0.8258,0.989,0.7933,0.55,0.6667,0.9353,0.405,0.2489,0.978,0.7933,0,0.9278,0.8245,0.9817,0.9353,0.973,0.9054,0.1755,0.9519,0.3333,1,0.7933,1,1,0.9668,0.1263,0.5106,0.5106,1,0,0.1384,0.9668,0.9668,1,0.8556,0.54,1,1,0,0.1755,0.1755,1,0.9855,0.9037,0.9187,0.9369,0.1895,0.9037,1,0.9353,0,0.9991,0.0718,0,0.7933,0.55,0.55,0.5393,0.9519,0.9519,0.4054,0.0673,0.3333,0.1755,1,1,0.9037,1,0,0.54,0.8556,0.9668,0.4607,0,0.7202,0.8108,0.8245,0.3333,0.9353,0.9353,1,0.4166,0,0.8382,0.1755,0,0.7933,0.55,0.55,0.55,0.55,0.55,1,0.8245,0.8245,0.8245,1,0.1892,0.9519,0.9668,0.4607,0.9519,0.9519,0,0.9519,0.5878,0.8108,0.4607,0.8888,0.9519,0,0.1755,0.31,1,0.9668,0.9037,0,0.54,0.8245,0.9353,0.9037,1,0.8888,0.6667,1,1,0.9519,0.9519,0,1,1,1,0,0.0585,0.1446,1,0.9037,0.9037,0.9037,0.8245,0.6667,0.8556,0.9817,0.9519,0.9519,0,0.1755,0,0.0878,0.31,0.9502,0,0,0,1,0.3816,0
"24","currenttolval_class24",0.5,0.6429,0.9491,0.9309,0.8985,0.833,0.7135,0.3787,0.8969,0.8959,0.8096,0.8333,1,0.7083,0.7132,0.9732,0.651,0.9607,0.8835,0.9056,0.9167,0.5,0.6875,0.3375,0.9583,0.2083,0.3125,0.8542,0.8898,0.1667,0.3125,0.8333,0.5104,0.8681,0.8333,0.6181,0.9167,0,0.1667,0.55,1,0.9303,1,0.6181,0.6181,0.8681,0.25,0.6181,0.8333,0.6181,0.977,0.8395,0.8681,0.8681,0.3819,0.1319,1,0.7292,0.9167,0.0118,0.1709,0.6875,0.9375,0.9868,0.9375,0.8681,0.8438,0.6667,0.9865,1,0.4896,0.9944,1,0.9917,1,0.6667,0.8333,0,0.9167,0.9062,0.3819,0.8333,0.6181,0.5135,0.7917,0.8681,0.3819,0.8681,0.9062,0.2696,0.9547,0,0.8828,0.9167,0.8681,0.875,1,0.8333,0.8333,0.9355,0.7917,0,0.8681,0.9375,0.6181,0.25,0.8438,1,0.8681,0.8681,0.7083,0.975,0.8333,0.55,0.6667,0.8854,0.375,0.2222,0.9763,0.8333,0,0.875,0.8681,0.9583,0.8854,0.9482,0.8438,0.1319,0.9167,0.3333,1,0.8333,1,1,0.9375,0.0986,0.5135,0.5135,1,0,0.1068,0.9375,0.9375,1,0.75,0.5,1,1,0,0.1319,0.1319,1,0.9849,0.8333,0.8542,0.8958,0.1479,0.8333,1,0.8854,0,0.998,0.0509,0,0.8333,0.55,0.55,0.6181,0.9167,0.9167,0.3438,0.0607,0.3333,0.1319,1,1,0.8333,1,0,0.5,0.75,0.9375,0.3819,0,0.6458,0.6875,0.8681,0.3333,0.8854,0.8854,1,0.3767,0,0.7318,0.1319,0,0.8333,0.55,0.55,0.55,0.55,0.55,1,0.8681,0.8681,0.8681,1,0.3125,0.9167,0.9375,0.3819,0.9167,0.9167,0,0.9167,0.5365,0.6875,0.3819,0.8125,0.9167,0,0.1319,0.25,1,0.9375,0.8333,0,0.5,0.8681,0.8854,0.8333,1,0.8125,0.6667,1,1,0.9167,0.9167,0,1,1,1,0,0.044,0.1208,1,0.8333,0.8333,0.8333,0.8681,0.6667,0.75,0.9583,0.9167,0.9167,0,0.1319,0,0.066,0.25,0.9062,0,0,0,1,0.349,0
"25","currenttolval_class25",0.52,0.6429,0.963,0.9086,0.8637,0.858,0.7553,0.3319,0.8645,0.9131,0.7475,0.86,1,0.6165,0.6307,0.9581,0.608,0.9481,0.8433,0.877,0.8879,0.4733,0.593,0.3186,0.935,0.175,0.407,0.7993,0.8564,0.14,0.407,0.86,0.4631,0.8949,0.86,0.6737,0.8879,0,0.14,0.55,1,0.9091,1,0.6737,0.6737,0.8949,0.21,0.6737,0.7757,0.6737,0.9641,0.8636,0.8949,0.8949,0.3263,0.1051,1,0.6401,0.8879,0.0085,0.1441,0.593,0.9114,0.9793,0.9114,0.8949,0.7965,0.6667,0.979,1,0.4528,0.9926,1,0.987,1,0.6667,0.86,0,0.8879,0.8671,0.3263,0.7757,0.6737,0.5165,0.7286,0.8949,0.3263,0.8949,0.8671,0.2469,0.9408,0,0.8443,0.8879,0.8949,0.8318,1,0.7757,0.86,0.9092,0.7286,0,0.8949,0.9114,0.6737,0.21,0.7965,1,0.8949,0.8949,0.6165,0.961,0.86,0.55,0.6667,0.8436,0.355,0.2044,0.9751,0.86,0,0.8318,0.8949,0.935,0.8436,0.9259,0.7965,0.1051,0.8879,0.3333,1,0.86,1,1,0.9114,0.0809,0.5165,0.5165,1,0,0.0868,0.9114,0.9114,1,0.6636,0.4733,1,1,0,0.1051,0.1051,1,0.9846,0.7757,0.7993,0.8643,0.1214,0.7757,1,0.8436,0,0.9969,0.0384,0,0.86,0.55,0.55,0.6737,0.8879,0.8879,0.2965,0.057,0.3333,0.1051,1,1,0.7757,1,0,0.4733,0.6636,0.9114,0.3263,0,0.5885,0.593,0.8949,0.3333,0.8436,0.8436,1,0.3472,0,0.6497,0.1051,0,0.86,0.55,0.55,0.55,0.55,0.55,1,0.8949,0.8949,0.8949,1,0.407,0.8879,0.9114,0.3263,0.8879,0.8879,0,0.8879,0.4971,0.593,0.3263,0.7522,0.8879,0,0.1051,0.21,1,0.9114,0.7757,0,0.4733,0.8949,0.8436,0.7757,1,0.7522,0.6667,1,1,0.8879,0.8879,0,1,1,1,0,0.035,0.1037,1,0.7757,0.7757,0.7757,0.8949,0.6667,0.6636,0.935,0.8879,0.8879,0,0.1051,0,0.0525,0.21,0.8671,0,0,0,1,0.3288,0
"26","currenttolval_class26",0.54,0.6429,0.9751,0.8836,0.824,0.8836,0.7988,0.2826,0.8288,0.9301,0.6777,0.8867,1,0.515,0.5413,0.9383,0.5612,0.9341,0.7972,0.846,0.8548,0.4467,0.4903,0.2981,0.9042,0.1417,0.5097,0.7343,0.8202,0.1133,0.5097,0.8867,0.4118,0.9198,0.8867,0.7317,0.8548,0,0.1133,0.55,1,0.8858,1,0.7317,0.7317,0.9198,0.17,0.7317,0.7096,0.7317,0.9471,0.8884,0.9198,0.9198,0.2683,0.0802,1,0.5397,0.8548,0.0057,0.1171,0.4903,0.8795,0.9696,0.8795,0.9198,0.7452,0.6667,0.969,1,0.4129,0.9906,1,0.9809,1,0.6667,0.8867,0,0.8548,0.8192,0.2683,0.7096,0.7317,0.5203,0.6602,0.9198,0.2683,0.9198,0.8192,0.2251,0.9257,0,0.801,0.8548,0.9198,0.7822,1,0.7096,0.8867,0.8772,0.6602,0,0.9198,0.8795,0.7317,0.17,0.7452,1,0.9198,0.9198,0.515,0.9425,0.8867,0.55,0.6667,0.7945,0.335,0.1867,0.974,0.8867,0,0.7822,0.9198,0.9042,0.7945,0.8982,0.7452,0.0802,0.8548,0.3333,1,0.8867,1,1,0.8795,0.0639,0.5203,0.5203,1,0,0.0679,0.8795,0.8795,1,0.5644,0.4467,1,1,0,0.0802,0.0802,1,0.9843,0.7096,0.7343,0.8301,0.0959,0.7096,1,0.7945,0,0.9954,0.0273,0,0.8867,0.55,0.55,0.7317,0.8548,0.8548,0.2452,0.0539,0.3333,0.0802,1,1,0.7096,1,0,0.4467,0.5644,0.8795,0.2683,0,0.526,0.4903,0.9198,0.3333,0.7945,0.7945,1,0.3159,0,0.5602,0.0802,0,0.8867,0.55,0.55,0.55,0.55,0.55,1,0.9198,0.9198,0.9198,1,0.5097,0.8548,0.8795,0.2683,0.8548,0.8548,0,0.8548,0.4543,0.4903,0.2683,0.6849,0.8548,0,0.0802,0.17,1,0.8795,0.7096,0,0.4467,0.9198,0.7945,0.7096,1,0.6849,0.6667,1,1,0.8548,0.8548,0,1,1,1,0,0.0267,0.0855,1,0.7096,0.7096,0.7096,0.9198,0.6667,0.5644,0.9042,0.8548,0.8548,0,0.0802,0,0.0401,0.17,0.8192,0,0,0,1,0.3101,0
"27","currenttolval_class27",0.56,0.6429,0.985,0.8562,0.7792,0.91,0.8439,0.2311,0.79,0.9469,0.6007,0.9133,1,0.4049,0.4462,0.913,0.511,0.9188,0.7453,0.813,0.8175,0.42,0.3812,0.2762,0.8649,0.1083,0.6188,0.6587,0.7816,0.0867,0.6188,0.9133,0.3573,0.9426,0.9133,0.7918,0.8175,0,0.0867,0.55,1,0.861,1,0.7918,0.7918,0.9426,0.13,0.7918,0.6349,0.7918,0.9254,0.9137,0.9426,0.9426,0.2082,0.0574,1,0.4287,0.8175,0.0034,0.0899,0.3812,0.8412,0.9571,0.8412,0.9426,0.6906,0.6667,0.9563,1,0.3705,0.9883,1,0.973,1,0.6667,0.9133,0,0.8175,0.7618,0.2082,0.6349,0.7918,0.5252,0.5875,0.9426,0.2082,0.9426,0.7618,0.2041,0.9096,0,0.7532,0.8175,0.9426,0.7262,1,0.6349,0.9133,0.8391,0.5875,0,0.9426,0.8412,0.7918,0.13,0.6906,1,0.9426,0.9426,0.4049,0.919,0.9133,0.55,0.6667,0.7381,0.315,0.1689,0.9729,0.9133,0,0.7262,0.9426,0.8649,0.7381,0.8648,0.6906,0.0574,0.8175,0.3333,1,0.9133,1,1,0.8412,0.0476,0.5252,0.5252,1,0,0.05,0.8412,0.8412,1,0.4524,0.42,1,1,0,0.0574,0.0574,1,0.9841,0.6349,0.6587,0.7937,0.0715,0.6349,1,0.7381,0,0.9936,0.0178,0,0.9133,0.55,0.55,0.7918,0.8175,0.8175,0.1906,0.0513,0.3333,0.0574,1,1,0.6349,1,0,0.42,0.4524,0.8412,0.2082,0,0.4591,0.3812,0.9426,0.3333,0.7381,0.7381,1,0.2828,0,0.4645,0.0574,0,0.9133,0.55,0.55,0.55,0.55,0.55,1,0.9426,0.9426,0.9426,1,0.6188,0.8175,0.8412,0.2082,0.8175,0.8175,0,0.8175,0.4088,0.3812,0.2082,0.6112,0.8175,0,0.0574,0.13,1,0.8412,0.6349,0,0.42,0.9426,0.7381,0.6349,1,0.6112,0.6667,1,1,0.8175,0.8175,0,1,1,1,0,0.0191,0.0665,1,0.6349,0.6349,0.6349,0.9426,0.6667,0.4524,0.8649,0.8175,0.8175,0,0.0574,0,0.0287,0.13,0.7618,0,0,0,1,0.293,0
"28","currenttolval_class28",0.58,0.6429,0.9926,0.8266,0.7296,0.937,0.8904,0.1776,0.7487,0.9635,0.5168,0.94,1,0.2873,0.3468,0.8817,0.4583,0.9023,0.6874,0.7785,0.7759,0.3933,0.2671,0.2534,0.8162,0.075,0.7329,0.5719,0.7412,0.06,0.7329,0.94,0.3002,0.9631,0.94,0.8539,0.7759,0,0.06,0.55,1,0.8349,1,0.8539,0.8539,0.9631,0.09,0.8539,0.5517,0.8539,0.8985,0.9397,0.9631,0.9631,0.1461,0.0369,1,0.3074,0.7759,0.0017,0.0625,0.2671,0.796,0.9416,0.796,0.9631,0.6335,0.6667,0.9405,1,0.3261,0.9859,1,0.9633,1,0.6667,0.94,0,0.7759,0.6941,0.1461,0.5517,0.8539,0.5313,0.5114,0.9631,0.1461,0.9631,0.6941,0.1841,0.8926,0,0.7011,0.7759,0.9631,0.6638,1,0.5517,0.94,0.7944,0.5114,0,0.9631,0.796,0.8539,0.09,0.6335,1,0.9631,0.9631,0.2873,0.8897,0.94,0.55,0.6667,0.6739,0.295,0.1511,0.9718,0.94,0,0.6638,0.9631,0.8162,0.6739,0.8251,0.6335,0.0369,0.7759,0.3333,1,0.94,1,1,0.796,0.0321,0.5313,0.5313,1,0,0.0333,0.796,0.796,1,0.3276,0.3933,1,1,0,0.0369,0.0369,1,0.9839,0.5517,0.5719,0.7557,0.0481,0.5517,1,0.6739,0,0.9913,0.0101,0,0.94,0.55,0.55,0.8539,0.7759,0.7759,0.1335,0.0494,0.3333,0.0369,1,1,0.5517,1,0,0.3933,0.3276,0.796,0.1461,0,0.3888,0.2671,0.9631,0.3333,0.6739,0.6739,1,0.2482,0,0.3637,0.0369,0,0.94,0.55,0.55,0.55,0.55,0.55,1,0.9631,0.9631,0.9631,1,0.7329,0.7759,0.796,0.1461,0.7759,0.7759,0,0.7759,0.3613,0.2671,0.1461,0.5316,0.7759,0,0.0369,0.09,1,0.796,0.5517,0,0.3933,0.9631,0.6739,0.5517,1,0.5316,0.6667,1,1,0.7759,0.7759,0,1,1,1,0,0.0123,0.0467,1,0.5517,0.5517,0.5517,0.9631,0.6667,0.3276,0.8162,0.7759,0.7759,0,0.0369,0,0.0184,0.09,0.6941,0,0,0,1,0.2777,0
"29","currenttolval_class29",0.6,0.6429,0.9977,0.7948,0.675,0.9646,0.9384,0.1223,0.7051,0.9799,0.4267,0.9667,1,0.163,0.2444,0.8436,0.4035,0.8848,0.6237,0.743,0.73,0.3667,0.1495,0.2299,0.757,0.0417,0.8505,0.4735,0.6996,0.0333,0.8505,0.9667,0.2414,0.9812,0.9667,0.9178,0.73,0,0.0333,0.55,1,0.8078,1,0.9178,0.9178,0.9812,0.05,0.9178,0.46,0.9178,0.8658,0.9662,0.9812,0.9812,0.0822,0.0188,1,0.1765,0.73,5e-04,0.0348,0.1495,0.7435,0.9228,0.7435,0.9812,0.5748,0.6667,0.9214,1,0.2804,0.9832,1,0.9515,1,0.6667,0.9667,0,0.73,0.6153,0.0822,0.46,0.9178,0.5387,0.433,0.9812,0.0822,0.9812,0.6153,0.1651,0.8751,0,0.6448,0.73,0.9812,0.595,1,0.46,0.9667,0.7426,0.433,0,0.9812,0.7435,0.9178,0.05,0.5748,1,0.9812,0.9812,0.163,0.8542,0.9667,0.55,0.6667,0.6018,0.275,0.1333,0.9707,0.9667,0,0.595,0.9812,0.757,0.6018,0.7787,0.5748,0.0188,0.73,0.3333,1,0.9667,1,1,0.7435,0.0173,0.5387,0.5387,1,0,0.0177,0.7435,0.7435,1,0.19,0.3667,1,1,0,0.0188,0.0188,1,0.9837,0.46,0.4735,0.7165,0.026,0.46,1,0.6018,0,0.9885,0.0043,0,0.9667,0.55,0.55,0.9178,0.73,0.73,0.0748,0.0482,0.3333,0.0188,1,1,0.46,1,0,0.3667,0.19,0.7435,0.0822,0,0.3158,0.1495,0.9812,0.3333,0.6018,0.6018,1,0.2125,0,0.2592,0.0188,0,0.9667,0.55,0.55,0.55,0.55,0.55,1,0.9812,0.9812,0.9812,1,0.8505,0.73,0.7435,0.0822,0.73,0.73,0,0.73,0.3123,0.1495,0.0822,0.4465,0.73,0,0.0188,0.05,1,0.7435,0.46,0,0.3667,0.9812,0.6018,0.46,1,0.4465,0.6667,1,1,0.73,0.73,0,1,1,1,0,0.0063,0.0263,1,0.46,0.46,0.46,0.9812,0.6667,0.19,0.757,0.73,0.73,0,0.0188,0,0.0094,0.05,0.6153,0,0,0,1,0.2641,0
"30","currenttolval_class30",0.62,0.6429,0.9999,0.7612,0.6156,0.9929,0.9875,0.0656,0.6597,0.996,0.3305,0.9933,1,0.0332,0.1402,0.798,0.3475,0.8662,0.5542,0.7069,0.6799,0.34,0.03,0.206,0.6863,0.0083,0.97,0.3629,0.6572,0.0067,0.97,0.9933,0.1817,0.9966,0.9933,0.9834,0.6799,0,0.0067,0.55,1,0.7801,1,0.9834,0.9834,0.9966,0.01,0.9834,0.3597,0.9834,0.8267,0.9932,0.9966,0.9966,0.0166,0.0034,1,0.0364,0.6799,0,0.007,0.03,0.6831,0.9003,0.6831,0.9966,0.515,0.6667,0.8985,1,0.2339,0.9804,1,0.9374,1,0.6667,0.9933,0,0.6799,0.5246,0.0166,0.3597,0.9834,0.5475,0.3533,0.9966,0.0166,0.9966,0.5246,0.1472,0.8571,0,0.5847,0.6799,0.9966,0.5198,1,0.3597,0.9933,0.6834,0.3533,0,0.9966,0.6831,0.9834,0.01,0.515,1,0.9966,0.9966,0.0332,0.8118,0.9933,0.55,0.6667,0.5214,0.255,0.1156,0.9697,0.9933,0,0.5198,0.9966,0.6863,0.5214,0.7249,0.515,0.0034,0.6799,0.3333,1,0.9933,1,1,0.6831,0.0034,0.5475,0.5475,1,0,0.0034,0.6831,0.6831,1,0.0396,0.34,1,1,0,0.0034,0.0034,1,0.9837,0.3597,0.3629,0.6767,0.005,0.3597,1,0.5214,0,0.9851,6e-04,0,0.9933,0.55,0.55,0.9834,0.6799,0.6799,0.015,0.0476,0.3333,0.0034,1,1,0.3597,1,0,0.34,0.0396,0.6831,0.0166,0,0.2411,0.03,0.9966,0.3333,0.5214,0.5214,1,0.1759,0,0.152,0.0034,0,0.9933,0.55,0.55,0.55,0.55,0.55,1,0.9966,0.9966,0.9966,1,0.97,0.6799,0.6831,0.0166,0.6799,0.6799,0,0.6799,0.2625,0.03,0.0166,0.3565,0.6799,0,0.0034,0.01,1,0.6831,0.3597,0,0.34,0.9966,0.5214,0.3597,1,0.3565,0.6667,1,1,0.6799,0.6799,0,1,1,1,0,0.0011,0.0053,1,0.3597,0.3597,0.3597,0.9966,0.6667,0.0396,0.6863,0.6799,0.6799,0,0.0034,0,0.0017,0.01,0.5246,0,0,0,1,0.2526,0
